Workbook

Sheet Cases
A1: 合約編號 | B1: 合約名稱 | C1: 案件編號 | D1: 任務名稱 | E1: 工作項目簡述 | F1: 委派日期 | G1: 預計完成日 | H1: 預計使用時數 | I1: 實際完成日 | J1: 實際時數 | K1: 時數費用 | L1: 事件費用 | M1: 結餘 | N1: 承辦人 | O1: 備註

Sheet 客戶報告
A2: 智慧財產顧問服務暨工時報告表
B3: 客戶名稱: | H3: 執行期間:
B4: 客戶編號: | C4: =LEFT(Cases!A2,3) | H4: 製表人:
A5: 項次 | B5: 事件編號 | C5: 任務名稱 | D5: 工作項目簡述 | E5: 委派日期 | F5: 預計完成日 | G5: 預計使用時數 | H5: 實際完成日 | I5: 實際使用時數 | J5: 時數費用 | K5: 事件費用 | L5: 費用小計 | M5: 額度結餘 | N5: 備註
A6: =ROW()-5 -> 1 | B6: =IF(Cases!C2<>"",Cases!C2,"") | C6: =IF(Cases!D2<>"",Cases!D2,"") | D6: =IF(Cases!E2<>"",Cases!E2,"") | E6: =IF(Cases!F2<>"",Cases!F2,"") | F6: =IF(Cases!G2<>"",Cases!G2,"") | G6: =IF(Cases!H2<>"",Cases!H2,"") | H6: =IF(Cases!I2<>"",Cases!I2,"") | I6: =IF(Cases!J2<>"",Cases!J2,"") | ... K6: =IF(Cases!L2<>"",Cases!L2,"") | L6: =IFERROR(J6+K6,"") | M6: =IF(Cases!M2<>"",Cases!M2,"") | N6: =IF(Cases!O2<>"",Cases!O2,"")
A7: =ROW()-5 -> 2 | B7: =IF(Cases!C3<>"",Cases!C3,"") | C7: =IF(Cases!D3<>"",Cases!D3,"") | D7: =IF(Cases!E3<>"",Cases!E3,"") | E7: =IF(Cases!F3<>"",Cases!F3,"") | F7: =IF(Cases!G3<>"",Cases!G3,"") | G7: =IF(Cases!H3<>"",Cases!H3,"") | H7: =IF(Cases!I3<>"",Cases!I3,"") | I7: =IF(Cases!J3<>"",Cases!J3,"") | ... K7: =IF(Cases!L3<>"",Cases!L3,"") | L7: =IFERROR(J7+K7,"") | M7: =IF(Cases!M3<>"",Cases!M3,"") | N7: =IF(Cases!O3<>"",Cases!O3,"")
A8: =ROW()-5 -> 3 | B8: =IF(Cases!C4<>"",Cases!C4,"") | C8: =IF(Cases!D4<>"",Cases!D4,"") | D8: =IF(Cases!E4<>"",Cases!E4,"") | E8: =IF(Cases!F4<>"",Cases!F4,"") | F8: =IF(Cases!G4<>"",Cases!G4,"") | G8: =IF(Cases!H4<>"",Cases!H4,"") | H8: =IF(Cases!I4<>"",Cases!I4,"") | I8: =IF(Cases!J4<>"",Cases!J4,"") | ... K8: =IF(Cases!L4<>"",Cases!L4,"") | L8: =IFERROR(J8+K8,"") | M8: =IF(Cases!M4<>"",Cases!M4,"") | N8: =IF(Cases!O4<>"",Cases!O4,"")
A9: =ROW()-5 -> 4 | B9: =IF(Cases!C5<>"",Cases!C5,"") | C9: =IF(Cases!D5<>"",Cases!D5,"") | D9: =IF(Cases!E5<>"",Cases!E5,"") | E9: =IF(Cases!F5<>"",Cases!F5,"") | F9: =IF(Cases!G5<>"",Cases!G5,"") | G9: =IF(Cases!H5<>"",Cases!H5,"") | H9: =IF(Cases!I5<>"",Cases!I5,"") | I9: =IF(Cases!J5<>"",Cases!J5,"") | ... K9: =IF(Cases!L5<>"",Cases!L5,"") | L9: =IFERROR(J9+K9,"") | M9: =IF(Cases!M5<>"",Cases!M5,"") | N9: =IF(Cases!O5<>"",Cases!O5,"")
A10: =ROW()-5 -> 5 | B10: =IF(Cases!C6<>"",Cases!C6,"") | C10: =IF(Cases!D6<>"",Cases!D6,"") | D10: =IF(Cases!E6<>"",Cases!E6,"") | E10: =IF(Cases!F6<>"",Cases!F6,"") | F10: =IF(Cases!G6<>"",Cases!G6,"") | G10: =IF(Cases!H6<>"",Cases!H6,"") | H10: =IF(Cases!I6<>"",Cases!I6,"") | I10: =IF(Cases!J6<>"",Cases!J6,"") | ... K10: =IF(Cases!L6<>"",Cases!L6,"") | L10: =IFERROR(J10+K10,"") | M10: =IF(Cases!M6<>"",Cases!M6,"") | N10: =IF(Cases!O6<>"",Cases!O6,"")
A11: =ROW()-5 -> 6 | B11: =IF(Cases!C7<>"",Cases!C7,"") | C11: =IF(Cases!D7<>"",Cases!D7,"") | D11: =IF(Cases!E7<>"",Cases!E7,"") | E11: =IF(Cases!F7<>"",Cases!F7,"") | F11: =IF(Cases!G7<>"",Cases!G7,"") | G11: =IF(Cases!H7<>"",Cases!H7,"") | H11: =IF(Cases!I7<>"",Cases!I7,"") | I11: =IF(Cases!J7<>"",Cases!J7,"") | ... K11: =IF(Cases!L7<>"",Cases!L7,"") | L11: =IFERROR(J11+K11,"") | M11: =IF(Cases!M7<>"",Cases!M7,"") | N11: =IF(Cases!O7<>"",Cases!O7,"")
A12: =ROW()-5 -> 7 | B12: =IF(Cases!C8<>"",Cases!C8,"") | C12: =IF(Cases!D8<>"",Cases!D8,"") | D12: =IF(Cases!E8<>"",Cases!E8,"") | E12: =IF(Cases!F8<>"",Cases!F8,"") | F12: =IF(Cases!G8<>"",Cases!G8,"") | G12: =IF(Cases!H8<>"",Cases!H8,"") | H12: =IF(Cases!I8<>"",Cases!I8,"") | I12: =IF(Cases!J8<>"",Cases!J8,"") | ... K12: =IF(Cases!L8<>"",Cases!L8,"") | L12: =IFERROR(J12+K12,"") | M12: =IF(Cases!M8<>"",Cases!M8,"") | N12: =IF(Cases!O8<>"",Cases!O8,"")
A13: =ROW()-5 -> 8 | B13: =IF(Cases!C9<>"",Cases!C9,"") | C13: =IF(Cases!D9<>"",Cases!D9,"") | D13: =IF(Cases!E9<>"",Cases!E9,"") | E13: =IF(Cases!F9<>"",Cases!F9,"") | F13: =IF(Cases!G9<>"",Cases!G9,"") | G13: =IF(Cases!H9<>"",Cases!H9,"") | H13: =IF(Cases!I9<>"",Cases!I9,"") | I13: =IF(Cases!J9<>"",Cases!J9,"") | ... K13: =IF(Cases!L9<>"",Cases!L9,"") | L13: =IFERROR(J13+K13,"") | M13: =IF(Cases!M9<>"",Cases!M9,"") | N13: =IF(Cases!O9<>"",Cases!O9,"")
A14: =ROW()-5 -> 9 | B14: =IF(Cases!C10<>"",Cases!C10,"") | C14: =IF(Cases!D10<>"",Cases!D10,"") | D14: =IF(Cases!E10<>"",Cases!E10,"") | E14: =IF(Cases!F10<>"",Cases!F10,"") | F14: =IF(Cases!G10<>"",Cases!G10,"") | G14: =IF(Cases!H10<>"",Cases!H10,"") | H14: =IF(Cases!I10<>"",Cases!I10,"") | I14: =IF(Cases!J10<>"",Cases!J10,"") | ... K14: =IF(Cases!L10<>"",Cases!L10,"") | L14: =IFERROR(J14+K14,"") | M14: =IF(Cases!M10<>"",Cases!M10,"") | N14: =IF(Cases!O10<>"",Cases!O10,"")
A15: =ROW()-5 -> 10 | B15: =IF(Cases!C11<>"",Cases!C11,"") | C15: =IF(Cases!D11<>"",Cases!D11,"") | D15: =IF(Cases!E11<>"",Cases!E11,"") | E15: =IF(Cases!F11<>"",Cases!F11,"") | F15: =IF(Cases!G11<>"",Cases!G11,"") | G15: =IF(Cases!H11<>"",Cases!H11,"") | H15: =IF(Cases!I11<>"",Cases!I11,"") | I15: =IF(Cases!J11<>"",Cases!J11,"") | ... K15: =IF(Cases!L11<>"",Cases!L11,"") | L15: =IFERROR(J15+K15,"") | M15: =IF(Cases!M11<>"",Cases!M11,"") | N15: =IF(Cases!O11<>"",Cases!O11,"")
A16: =ROW()-5 -> 11 | B16: =IF(Cases!C12<>"",Cases!C12,"") | C16: =IF(Cases!D12<>"",Cases!D12,"") | D16: =IF(Cases!E12<>"",Cases!E12,"") | E16: =IF(Cases!F12<>"",Cases!F12,"") | F16: =IF(Cases!G12<>"",Cases!G12,"") | G16: =IF(Cases!H12<>"",Cases!H12,"") | H16: =IF(Cases!I12<>"",Cases!I12,"") | I16: =IF(Cases!J12<>"",Cases!J12,"") | ... K16: =IF(Cases!L12<>"",Cases!L12,"") | L16: =IFERROR(J16+K16,"") | M16: =IF(Cases!M12<>"",Cases!M12,"") | N16: =IF(Cases!O12<>"",Cases!O12,"")
A17: =ROW()-5 -> 12 | B17: =IF(Cases!C13<>"",Cases!C13,"") | C17: =IF(Cases!D13<>"",Cases!D13,"") | D17: =IF(Cases!E13<>"",Cases!E13,"") | E17: =IF(Cases!F13<>"",Cases!F13,"") | F17: =IF(Cases!G13<>"",Cases!G13,"") | G17: =IF(Cases!H13<>"",Cases!H13,"") | H17: =IF(Cases!I13<>"",Cases!I13,"") | I17: =IF(Cases!J13<>"",Cases!J13,"") | ... K17: =IF(Cases!L13<>"",Cases!L13,"") | L17: =IFERROR(J17+K17,"") | M17: =IF(Cases!M13<>"",Cases!M13,"") | N17: =IF(Cases!O13<>"",Cases!O13,"")
... A25: =ROW()-5 -> 20 | B25: =IF(Cases!C21<>"",Cases!C21,"") | C25: =IF(Cases!D21<>"",Cases!D21,"") | D25: =IF(Cases!E21<>"",Cases!E21,"") | E25: =IF(Cases!F21<>"",Cases!F21,"") | F25: =IF(Cases!G21<>"",Cases!G21,"") | G25: =IF(Cases!H21<>"",Cases!H21,"") | H25: =IF(Cases!I21<>"",Cases!I21,"") | I25: =IF(Cases!J21<>"",Cases!J21,"") | ... K25: =IF(Cases!L21<>"",Cases!L21,"") | L25: =IFERROR(J25+K25,"") | M25: =IF(Cases!M21<>"",Cases!M21,"") | N25: =IF(Cases!O21<>"",Cases!O21,"")
L27: 執行期間費用總計: | M27: =SUM(表格3[事件費用]) -> 0
L28: 期末額度結餘 | M28: =MIN(表格3[額度結餘]) -> 0
